image,type,auto_type,dark_ink_ratio,glare_ratio,gt,method,pred,exact,char_acc,shape,color,ms,error,id_none,ok_none,id_edit,ok_edit,id_edit+attr,ok_edit+attr
crops/crop_00.png,인쇄,인쇄,0.0118,0.0,ALZA18,A_배경제거만,ALZA18,1,1.0,장방형,노랑,563.6,정답,콘서타OROS서방정 18mg,1,콘서타OROS서방정 18mg,1,콘서타OROS서방정 18mg,1
crops/crop_00.png,인쇄,인쇄,0.0118,0.0,ALZA18,B_+조명평탄화,ALZA18,1,1.0,장방형,노랑,528.5,정답,콘서타OROS서방정 18mg,1,콘서타OROS서방정 18mg,1,콘서타OROS서방정 18mg,1
crops/crop_00.png,인쇄,인쇄,0.0118,0.0,ALZA18,C_+반사광제거,ALZA18,1,1.0,장방형,노랑,527.1,정답,콘서타OROS서방정 18mg,1,콘서타OROS서방정 18mg,1,콘서타OROS서방정 18mg,1
crops/crop_00.png,인쇄,인쇄,0.0118,0.0,ALZA18,D_+반사광+평탄화,ALZA18,1,1.0,장방형,노랑,561.6,정답,콘서타OROS서방정 18mg,1,콘서타OROS서방정 18mg,1,콘서타OROS서방정 18mg,1
crops/crop_00.png,인쇄,인쇄,0.0118,0.0,ALZA18,AUTO_유형별,ALZA18,1,1.0,장방형,노랑,501.4,정답,콘서타OROS서방정 18mg,1,콘서타OROS서방정 18mg,1,콘서타OROS서방정 18mg,1
crops/crop_01.png,인쇄,인쇄,0.0105,0.0,ALZA27,A_배경제거만,ALZA27,1,1.0,장방형,무채색,508.0,정답,콘서타OROS서방정 27mg,1,콘서타OROS서방정 27mg,1,콘서타OROS서방정 27mg,1
crops/crop_01.png,인쇄,인쇄,0.0105,0.0,ALZA27,B_+조명평탄화,ALZA27,1,1.0,장방형,무채색,504.8,정답,콘서타OROS서방정 27mg,1,콘서타OROS서방정 27mg,1,콘서타OROS서방정 27mg,1
crops/crop_01.png,인쇄,인쇄,0.0105,0.0,ALZA27,C_+반사광제거,ALZA27,1,1.0,장방형,무채색,553.8,정답,콘서타OROS서방정 27mg,1,콘서타OROS서방정 27mg,1,콘서타OROS서방정 27mg,1
crops/crop_01.png,인쇄,인쇄,0.0105,0.0,ALZA27,D_+반사광+평탄화,ALZA27,1,1.0,장방형,무채색,515.9,정답,콘서타OROS서방정 27mg,1,콘서타OROS서방정 27mg,1,콘서타OROS서방정 27mg,1
crops/crop_01.png,인쇄,인쇄,0.0105,0.0,ALZA27,AUTO_유형별,ALZA27,1,1.0,장방형,무채색,489.1,정답,콘서타OROS서방정 27mg,1,콘서타OROS서방정 27mg,1,콘서타OROS서방정 27mg,1
crops/crop_02.png,음각,음각,0.0,0.0,DK,A_배경제거만,5,0,0.0,원형,무채색,9007.7,방향/선택 실패(후보엔 정답 있었음),,0,,0,,0
crops/crop_02.png,음각,음각,0.0,0.0,DK,B_+조명평탄화,5,0,0.0,원형,무채색,9212.6,오인식,,0,,0,,0
crops/crop_02.png,음각,음각,0.0,0.0,DK,C_+반사광제거,5,0,0.0,원형,무채색,9174.0,방향/선택 실패(후보엔 정답 있었음),,0,,0,,0
crops/crop_02.png,음각,음각,0.0,0.0,DK,D_+반사광+평탄화,5,0,0.0,원형,무채색,9473.6,오인식,,0,,0,,0
crops/crop_02.png,음각,음각,0.0,0.0,DK,AUTO_유형별,5,0,0.0,원형,무채색,9140.1,오인식,,0,,0,,0
crops/crop_03.png,음각,음각,0.0,0.0,YJ,A_배경제거만,2,0,0.0,원형,무채색,9991.6,오인식,,0,,0,,0
crops/crop_03.png,음각,음각,0.0,0.0,YJ,B_+조명평탄화,2,0,0.0,원형,무채색,9519.4,방향/선택 실패(후보엔 정답 있었음),,0,,0,,0
crops/crop_03.png,음각,음각,0.0,0.0,YJ,C_+반사광제거,2,0,0.0,원형,무채색,8903.7,오인식,,0,,0,,0
crops/crop_03.png,음각,음각,0.0,0.0,YJ,D_+반사광+평탄화,2,0,0.0,원형,무채색,9070.8,방향/선택 실패(후보엔 정답 있었음),,0,,0,,0
crops/crop_03.png,음각,음각,0.0,0.0,YJ,AUTO_유형별,2,0,0.0,원형,무채색,9026.2,방향/선택 실패(후보엔 정답 있었음),,0,,0,,0
crops/crop_04.png,음각,음각,0.0,0.0,DK,A_배경제거만,MC,0,0.0,원형,무채색,9841.5,방향/선택 실패(후보엔 정답 있었음),,0,,0,,0
crops/crop_04.png,음각,음각,0.0,0.0,DK,B_+조명평탄화,DK,1,1.0,원형,무채색,8992.1,정답,미확인 원형정(DK),1,미확인 원형정(DK),1,미확인 원형정(DK),1
crops/crop_04.png,음각,음각,0.0,0.0,DK,C_+반사광제거,MC,0,0.0,원형,무채색,8669.0,방향/선택 실패(후보엔 정답 있었음),,0,,0,,0
crops/crop_04.png,음각,음각,0.0,0.0,DK,D_+반사광+평탄화,DK,1,1.0,원형,무채색,9659.8,정답,미확인 원형정(DK),1,미확인 원형정(DK),1,미확인 원형정(DK),1
crops/crop_04.png,음각,음각,0.0,0.0,DK,AUTO_유형별,DK,1,1.0,원형,무채색,9418.4,정답,미확인 원형정(DK),1,미확인 원형정(DK),1,미확인 원형정(DK),1
crops/crop_05.png,인쇄,인쇄,0.0175,0.0,ALZA36,A_배경제거만,98DZID,0,0.0,장방형,무채색,483.4,방향/선택 실패(후보엔 정답 있었음),,0,,0,,0
crops/crop_05.png,인쇄,인쇄,0.0175,0.0,ALZA36,B_+조명평탄화,ALZA36,1,1.0,장방형,무채색,482.8,정답,콘서타OROS서방정 36mg,1,콘서타OROS서방정 36mg,1,콘서타OROS서방정 36mg,1
crops/crop_05.png,인쇄,인쇄,0.0175,0.0,ALZA36,C_+반사광제거,98DZID,0,0.0,장방형,무채색,427.2,방향/선택 실패(후보엔 정답 있었음),,0,,0,,0
crops/crop_05.png,인쇄,인쇄,0.0175,0.0,ALZA36,D_+반사광+평탄화,ALZA36,1,1.0,장방형,무채색,500.8,정답,콘서타OROS서방정 36mg,1,콘서타OROS서방정 36mg,1,콘서타OROS서방정 36mg,1
crops/crop_05.png,인쇄,인쇄,0.0175,0.0,ALZA36,AUTO_유형별,98DZID,0,0.0,장방형,무채색,536.9,방향/선택 실패(후보엔 정답 있었음),,0,,0,,0
images/single_YJ.jpg,음각,음각,0.0,0.0,YJ,A_배경제거만,61,0,0.0,원형,무채색,10062.7,오인식,,0,,0,,0
images/single_YJ.jpg,음각,음각,0.0,0.0,YJ,B_+조명평탄화,61,0,0.0,원형,무채색,10835.5,오인식,,0,,0,,0
images/single_YJ.jpg,음각,음각,0.0,0.0,YJ,C_+반사광제거,61,0,0.0,원형,무채색,9806.7,오인식,,0,,0,,0
images/single_YJ.jpg,음각,음각,0.0,0.0,YJ,D_+반사광+평탄화,61,0,0.0,원형,무채색,10465.4,오인식,,0,,0,,0
images/single_YJ.jpg,음각,음각,0.0,0.0,YJ,AUTO_유형별,61,0,0.0,원형,무채색,10934.6,오인식,,0,,0,,0
images/single_DK_1.jpg,음각,음각,0.0,0.0007,DK,A_배경제거만,,0,0.0,원형,무채색,9874.3,빈 결과(아무것도 못 읽음),,0,,0,,0
images/single_DK_1.jpg,음각,음각,0.0,0.0007,DK,B_+조명평탄화,,0,0.0,원형,무채색,9852.0,빈 결과(아무것도 못 읽음),,0,,0,,0
images/single_DK_1.jpg,음각,음각,0.0,0.0007,DK,C_+반사광제거,,0,0.0,원형,무채색,10194.5,빈 결과(아무것도 못 읽음),,0,,0,,0
images/single_DK_1.jpg,음각,음각,0.0,0.0007,DK,D_+반사광+평탄화,,0,0.0,원형,무채색,9746.1,빈 결과(아무것도 못 읽음),,0,,0,,0
images/single_DK_1.jpg,음각,음각,0.0,0.0007,DK,AUTO_유형별,,0,0.0,원형,무채색,10031.3,빈 결과(아무것도 못 읽음),,0,,0,,0
images/single_DK_2.jpg,음각,음각,0.0002,0.0,DK,A_배경제거만,3,0,0.0,원형,무채색,9527.5,방향/선택 실패(후보엔 정답 있었음),,0,,0,,0
images/single_DK_2.jpg,음각,음각,0.0002,0.0,DK,B_+조명평탄화,MC,0,0.0,원형,무채색,9514.2,방향/선택 실패(후보엔 정답 있었음),,0,,0,,0
images/single_DK_2.jpg,음각,음각,0.0002,0.0,DK,C_+반사광제거,3,0,0.0,원형,무채색,9749.4,방향/선택 실패(후보엔 정답 있었음),,0,,0,,0
images/single_DK_2.jpg,음각,음각,0.0002,0.0,DK,D_+반사광+평탄화,MC,0,0.0,원형,무채색,9465.6,방향/선택 실패(후보엔 정답 있었음),,0,,0,,0
images/single_DK_2.jpg,음각,음각,0.0002,0.0,DK,AUTO_유형별,MC,0,0.0,원형,무채색,9501.4,방향/선택 실패(후보엔 정답 있었음),,0,,0,,0
images/single_alza18.jpg,인쇄,인쇄,0.0091,0.0,ALZA18,A_배경제거만,18ALZA,0,0.333,장방형,노랑,1113.7,오인식,,0,,0,콘서타OROS서방정 18mg,1
images/single_alza18.jpg,인쇄,인쇄,0.0091,0.0,ALZA18,B_+조명평탄화,ALZA18,1,1.0,장방형,노랑,1024.7,정답,콘서타OROS서방정 18mg,1,콘서타OROS서방정 18mg,1,콘서타OROS서방정 18mg,1
images/single_alza18.jpg,인쇄,인쇄,0.0091,0.0,ALZA18,C_+반사광제거,18ALZA,0,0.333,장방형,노랑,1030.1,오인식,,0,,0,콘서타OROS서방정 18mg,1
images/single_alza18.jpg,인쇄,인쇄,0.0091,0.0,ALZA18,D_+반사광+평탄화,ALZA18,1,1.0,장방형,노랑,1075.0,정답,콘서타OROS서방정 18mg,1,콘서타OROS서방정 18mg,1,콘서타OROS서방정 18mg,1
images/single_alza18.jpg,인쇄,인쇄,0.0091,0.0,ALZA18,AUTO_유형별,18ALZA,0,0.333,장방형,노랑,977.8,오인식,,0,,0,콘서타OROS서방정 18mg,1
images/single_alza27.jpg,인쇄,인쇄,0.0315,0.0,ALZA27,A_배경제거만,ALZA27,1,1.0,장방형,무채색,506.4,정답,콘서타OROS서방정 27mg,1,콘서타OROS서방정 27mg,1,콘서타OROS서방정 27mg,1
images/single_alza27.jpg,인쇄,인쇄,0.0315,0.0,ALZA27,B_+조명평탄화,ALZA27,1,1.0,장방형,무채색,520.5,정답,콘서타OROS서방정 27mg,1,콘서타OROS서방정 27mg,1,콘서타OROS서방정 27mg,1
images/single_alza27.jpg,인쇄,인쇄,0.0315,0.0,ALZA27,C_+반사광제거,ALZA27,1,1.0,장방형,무채색,483.9,정답,콘서타OROS서방정 27mg,1,콘서타OROS서방정 27mg,1,콘서타OROS서방정 27mg,1
images/single_alza27.jpg,인쇄,인쇄,0.0315,0.0,ALZA27,D_+반사광+평탄화,ALZA27,1,1.0,장방형,무채색,506.1,정답,콘서타OROS서방정 27mg,1,콘서타OROS서방정 27mg,1,콘서타OROS서방정 27mg,1
images/single_alza27.jpg,인쇄,인쇄,0.0315,0.0,ALZA27,AUTO_유형별,ALZA27,1,1.0,장방형,무채색,469.7,정답,콘서타OROS서방정 27mg,1,콘서타OROS서방정 27mg,1,콘서타OROS서방정 27mg,1
images/single_alza36.jpg,인쇄,인쇄,0.0185,0.003,ALZA36,A_배경제거만,36ALZA,0,0.333,장방형,무채색,543.3,오인식,,0,,0,,0
images/single_alza36.jpg,인쇄,인쇄,0.0185,0.003,ALZA36,B_+조명평탄화,36ALZA,0,0.333,장방형,무채색,541.1,오인식,,0,,0,,0
images/single_alza36.jpg,인쇄,인쇄,0.0185,0.003,ALZA36,C_+반사광제거,36ALZA,0,0.333,장방형,무채색,550.9,오인식,,0,,0,,0
images/single_alza36.jpg,인쇄,인쇄,0.0185,0.003,ALZA36,D_+반사광+평탄화,36ALZA,0,0.333,장방형,무채색,588.5,오인식,,0,,0,,0
images/single_alza36.jpg,인쇄,인쇄,0.0185,0.003,ALZA36,AUTO_유형별,36ALZA,0,0.333,장방형,무채색,585.0,오인식,,0,,0,,0
