전처리,매칭,n,글자_완전일치_%,글자_문자정확도_%,약판별_Top1_%,평균_ms
A_배경제거만,① 매칭 없음,12,25.0,30.6,25.0,5168.6
A_배경제거만,② 편집거리,12,25.0,30.6,25.0,5168.6
A_배경제거만,③ 편집거리+색·모양,12,25.0,30.6,33.3,5168.6
B_+조명평탄화,① 매칭 없음,12,50.0,52.8,50.0,5127.3
B_+조명평탄화,② 편집거리,12,50.0,52.8,50.0,5127.3
B_+조명평탄화,③ 편집거리+색·모양,12,50.0,52.8,50.0,5127.3
C_+반사광제거,① 매칭 없음,12,25.0,30.6,25.0,5005.9
C_+반사광제거,② 편집거리,12,25.0,30.6,25.0,5005.9
C_+반사광제거,③ 편집거리+색·모양,12,25.0,30.6,33.3,5005.9
D_+반사광+평탄화,① 매칭 없음,12,50.0,52.8,50.0,5135.8
D_+반사광+평탄화,② 편집거리,12,50.0,52.8,50.0,5135.8
D_+반사광+평탄화,③ 편집거리+색·모양,12,50.0,52.8,50.0,5135.8
AUTO_유형별,① 매칭 없음,12,33.3,38.9,33.3,5134.3
AUTO_유형별,② 편집거리,12,33.3,38.9,33.3,5134.3
AUTO_유형별,③ 편집거리+색·모양,12,33.3,38.9,41.7,5134.3
