image,gt,method,pred,exact,char_acc,oracle_exact,conf,ms
crops/crop_00.png,ALZA18,M0_원본,F81210,0,0.167,0,53.3,307.1
crops/crop_00.png,ALZA18,M1_CLAHE,FSI0Z0,0,0.0,0,0.0,308.4
crops/crop_00.png,ALZA18,M2_CLAHE+적응형threshold,,0,0.0,0,0.0,393.1
crops/crop_00.png,ALZA18,M3_Tophat/Blackhat+Otsu,OOAS,0,0.167,0,0.0,272.3
crops/crop_01.png,ALZA27,M0_원본,SEEMAN,0,0.0,0,0.0,269.7
crops/crop_01.png,ALZA27,M1_CLAHE,,0,0.0,0,0.0,226.7
crops/crop_01.png,ALZA27,M2_CLAHE+적응형threshold,,0,0.0,0,0.0,392.8
crops/crop_01.png,ALZA27,M3_Tophat/Blackhat+Otsu,KWAYE,0,0.167,0,0.0,248.9
crops/crop_02.png,DK,M0_원본,MER,0,0.0,0,50.0,1603.8
crops/crop_02.png,DK,M1_CLAHE,S,0,0.0,0,67.0,1887.3
crops/crop_02.png,DK,M2_CLAHE+적응형threshold,GE,0,0.0,0,38.0,2720.0
crops/crop_02.png,DK,M3_Tophat/Blackhat+Otsu,TOR,0,0.0,0,56.0,1359.5
crops/crop_03.png,YJ,M0_원본,E,0,0.0,0,0.0,1638.1
crops/crop_03.png,YJ,M1_CLAHE,2,0,0.0,1,80.0,1801.3
crops/crop_03.png,YJ,M2_CLAHE+적응형threshold,E,0,0.0,0,24.0,2998.5
crops/crop_03.png,YJ,M3_Tophat/Blackhat+Otsu,AYAY,0,0.0,0,51.5,1696.9
crops/crop_04.png,DK,M0_원본,G,0,0.0,0,90.0,1868.1
crops/crop_04.png,DK,M1_CLAHE,WW,0,0.0,0,43.0,1871.0
crops/crop_04.png,DK,M2_CLAHE+적응형threshold,ES,0,0.0,0,49.0,2848.7
crops/crop_04.png,DK,M3_Tophat/Blackhat+Otsu,CA,0,0.0,0,26.0,1382.8
crops/crop_05.png,ALZA36,M0_원본,GIZA36,0,0.667,0,0.0,241.8
crops/crop_05.png,ALZA36,M1_CLAHE,F3IY,0,0.0,0,50.5,329.5
crops/crop_05.png,ALZA36,M2_CLAHE+적응형threshold,,0,0.0,0,0.0,390.2
crops/crop_05.png,ALZA36,M3_Tophat/Blackhat+Otsu,EC,0,0.0,0,0.0,287.1
images/single_YJ.jpg,YJ,M0_원본,AA,0,0.0,0,44.0,1581.7
images/single_YJ.jpg,YJ,M1_CLAHE,4,0,0.0,0,68.0,1724.2
images/single_YJ.jpg,YJ,M2_CLAHE+적응형threshold,AY,0,0.0,0,42.0,2856.5
images/single_YJ.jpg,YJ,M3_Tophat/Blackhat+Otsu,X,0,0.0,0,87.0,1495.3
images/single_DK_1.jpg,DK,M0_원본,ON,0,0.0,0,55.0,1708.5
images/single_DK_1.jpg,DK,M1_CLAHE,G,0,0.0,0,86.0,1980.7
images/single_DK_1.jpg,DK,M2_CLAHE+적응형threshold,EH,0,0.0,0,56.0,2901.8
images/single_DK_1.jpg,DK,M3_Tophat/Blackhat+Otsu,F,0,0.0,0,46.0,1535.3
images/single_DK_2.jpg,DK,M0_원본,CI,0,0.0,0,52.0,1618.2
images/single_DK_2.jpg,DK,M1_CLAHE,S,0,0.0,0,46.0,1735.5
images/single_DK_2.jpg,DK,M2_CLAHE+적응형threshold,CY,0,0.0,0,57.0,2953.6
images/single_DK_2.jpg,DK,M3_Tophat/Blackhat+Otsu,IF,0,0.0,0,54.0,1700.9
images/single_alza18.jpg,ALZA18,M0_원본,NY,0,0.0,0,72.0,304.9
images/single_alza18.jpg,ALZA18,M1_CLAHE,OY,0,0.0,0,43.0,313.7
images/single_alza18.jpg,ALZA18,M2_CLAHE+적응형threshold,,0,0.0,0,0.0,455.6
images/single_alza18.jpg,ALZA18,M3_Tophat/Blackhat+Otsu,NE,0,0.0,0,22.0,264.1
images/single_alza27.jpg,ALZA27,M0_원본,ALZA27P,0,0.833,0,0.0,285.5
images/single_alza27.jpg,ALZA27,M1_CLAHE,ROSH,0,0.0,0,10.0,257.9
images/single_alza27.jpg,ALZA27,M2_CLAHE+적응형threshold,,0,0.0,0,0.0,415.3
images/single_alza27.jpg,ALZA27,M3_Tophat/Blackhat+Otsu,A2,0,0.333,0,10.0,327.8
images/single_alza36.jpg,ALZA36,M0_원본,,0,0.0,0,0.0,235.7
images/single_alza36.jpg,ALZA36,M1_CLAHE,,0,0.0,0,0.0,230.9
images/single_alza36.jpg,ALZA36,M2_CLAHE+적응형threshold,,0,0.0,0,0.0,446.4
images/single_alza36.jpg,ALZA36,M3_Tophat/Blackhat+Otsu,EEE,0,0.0,0,45.0,274.9
